Kristina Balbin,https://kristinabalbin.com,Branding Trademark UI UX
Yajayra Barragan,http://www.yajayrabarragan.com,Branding Packaging UI UX
Kristie Bocanegra,http://www.kristiebocanegra.com,UI UX Front End Dev
Rachael Briggs,http://rachaelbriggsdesign.com,Branding UI UX
Jess Browder,https://jessbrowder.com,Branding Trademark UX
Elisa Bryan,http://www.elisabryan.me,Branding Illustration Packaging
Liberty Carlin,https://www.libertyskycarlin.com,Branding Publication Trademark Typography
Rachel Catalano,https://rcatalano.com,Art Direction Branding
stephanie chica,https://schica.com,Branding Trademark Packaging UX
Stephanie Cloyd,http://www.stephcloyd.com,Art Direction Branding Illustration
Kristina Davis,https://www.kldsgn.com,UI UX
Austin Dennis,https://www.austincd.com/,Branding UI UX
Kevin Domingo,http://www.domingodesigns.com,UI UX
Jared Dorsey,https://www.jareddorsey.com/,Branding UI UX
Cole Dube,http://www.coledube.com,UI UX Front End Dev
Sierra Elliott,http://www.seelliotts.com,Art Direction Branding Packaging
Ana Emaratsaz,Http://aemaratsaz.com,Branding UI UX
Marianna Eubank,https://www.mariannaeubank.com,Branding UI
Callie Gabbert,http://calliegabbert.com,Art Direction Branding Illustration Trademark
Erin Garrigan,https://www.erin-garrigan.com/,Branding Packaging Publication
Nick Gatti,http://nickanthonygatti.com,Branding UI UX
Randy Gaytan,http://www.riggeddesigns.com/,Art Direction Branding Trademark UI
Hayley Gompertz,http://hayleygompertz.com/,Branding Illustration Publication
Dakota Hall,https://www.dakotahalldesign.com/,Branding Trademark UI UX
Taylor Hermes,http://taylor-danielle.com,Branding UI UX
Aileen Hernandez,https://www.aileenhdz.com,Branding UI UX
Reagan McGregor Hicks,http://www.heyreag.com,Art Direction Branding Photography
Trey Holt,http://www.treyholtdesign.com,3D Branding Illustration
Ashley Hunt,http://www.ashleyhuntdesign.com,Packaging UI UX
Kristina Kasprowicz,http://www.kasprodesign.com,Branding Packaging Trademark
Joe Krupa,https://www.joekrupadesigns.com,Branding Illustration Typography UI
Valerie Lamm,http://valerielamm.com,Front End Dev UI UX
Andrés R. Lopez,http://www.arelgi.com,Art Direction Branding UI UX
Nicole Majeske,https://www.nicolemajeske.com,Branding UI UX
Lorena Martinez,https://www.lorenamartinezdesign.com,3D Front End Dev UI UX
Danny Marzari,https://www.dannymarzari.com,Art Direction Branding Illustration UI
Ruben Melendez,http://www.melendezcreates.com,Branding Front End Dev Trademark UI
Michelle Moreno,http://www.mmmdesign.org/,Branding Packaging Typography
Pedro Moreno,http://www.pedromoreno.design,Branding Packaging Trademark Typography
Sabrina Musachia,http://www.musachiadesign.com,Branding Trademark Packaging
Lauren Taylor Nelson,https://www.laurentnelson.com,Art Direction Branding Photography UI
Kristen Nemeth,https://www.kristennemeth.com,UI UX
Marina Nolen,https://www.marina-nolen.com,Branding Illustration Trademark Typography
Erin Peña,https://erinpena.com/,Branding Publication Trademark Typography
Peyton Lee Person,https://www.peytonleedesign.com,Art Direction Branding Trademark UX
Kati Piña,https://www.katipina.com,Art Direction Branding Trademark Packaging
Megan Kelso,http://www.megokelso.com,Branding Illustration Typography UI
Matthew Rios,http://www.matthew-rios.com,Branding Illustration Trademark UI
Brittany Savant,http://brittsavantdesign.com,Branding Illustration UI UX
Nathan Sing,https://nathansingdesign.squarespace.com/,Art Direction Publication Typography
Johannes Smit,https://www.johannesmade.com,Branding Publication Typography UI
Kymberli Taylor,http://kymberlitaylor.com,Branding Packaging UI UX
Paola Valdes,http://www.paolavaldes.com,Branding Illustration Packaging UI